252,and
233,of
232,for
201,in
192,on
182,linguistics
167,re
156,language
141,the
136,call
119,new
106,workshop
101,conference
85,sum
74,papers
71,a
66,syntax
65,summary
64,to
60,english
57,book
54,languages
52,announcement
50,job
48,you
45,books
43,at
43,query
42,free
42,semantics
38,your
38,comparative
36,review
35,phonology
31,linguistic
30,computational
29,words
28,final
27,this
27,grammar
27,journal
26,information
26,international
26,is
26,method
25,from
25,conf
25,cfp
25,program
25,are
25,that
23,software
23,disc
23,their
22,sex
22,studies
21,research
21,acquisition
21,translation
21,ling
21,own
20,internet
20,symposium
20,cognitive
20,theory
19,chomsky
19,german
19,sociolinguistics
19,qs
18,email
18,no
18,special
18,phonetics
18,discourse
18,pragmatics
18,list
18,lang
18,opposites
17,linguist
17,applied
17,history
17,only
17,chinese
17,japanese
16,science
16,issue
16,or
16,position
16,spanish
15,business
15,e
15,www
15,speech
15,vol
15,analysis
15,q
14,de
14,society
14,linguists
14,university
14,participation
14,available
14,corpus
14,ipa
13,snow
13,home
13,citations
13,american
13,teaching
13,morphology
13,nlp
13,native
12,about
12,learning
12,more
12,do
12,correction
12,how
12,annual
12,human
12,who
12,summer
12,just
12,association
12,site
12,systems
12,deadline
12,french
11,resources
11,s
11,germanic
11,asian
11,meeting
11,school
11,info
11,context
11,acl
11,address
11,change
11,web
11,lexical
11,best
11,with
11,romance
11,reference
10,out
10,machine
10,have
10,time
10,i
10,one
10,processing
10,get
10,colloquium
10,second
10,capitalfm
10,slavic
10,speaker
10,toc
9,mail
9,it
9,by
9,money
9,computer
9,needed
9,now
9,terminology
9,as
9,word
9,com
9,generative
9,texts
9,help
9,based
9,general
9,technology
9,page
9,xxx
9,lists
9,request
8,world
8,million
8,european
8,fwd
8,n
8,np
8,intl
8,up
8,please
8,functional
8,opportunity
8,historical
8,an
8,know
8,coling
8,last
8,innateness
8,first
8,need
8,student
8,posting
8,etc
8,intuitions
8,korean
8,terms
7,news
7,see
7,bulk
7,greek
7,offer
7,we
7,v
7,r
7,m
7,jobs
7,bilingualism
7,typology
7,corpora
7,our
7,win
7,can
7,proposals
7,dialect
7,abstracts
7,child
7,mt
7,us
7,names
7,case
7,endangered
7,literature
7,imperialism
7,dialects
7,dick
7,working
7,institute
7,what
7,non
7,part
7,psycholinguistics
7,references
6,minority
6,go
6,t
6,programme
6,congress
6,knowledge
6,retrieval
6,did
6,cd
6,dutch
6,great
6,line
6,question
6,credit
6,multimedia
6,capital
6,fm
6,two
6,registration
6,live
6,mac
6,j
6,foreign
6,profit
6,dictionary
6,basic
6,course
6,want
6,latin
6,approaches
6,contact
6,south
6,canadian
6,queries
6,speakers
6,grammars
6,methods
6,lexicon
6,armey
6,slip
6,rules
6,eskimo
6,hot
6,update
6,glot
6,bibliography
6,reminder
6,anthropological
6,philosophy
6,mitwpl
5,people
5,resolution
5,life
5,debt
5,sign
5,ii
5,body
5,addresses
5,digital
5,dgfs
5,millions
5,loss
5,grammatical
5,african
5,policy
5,parsing
5,preliminary
5,communication
5,writing
5,text
5,released
5,family
5,ad
5,adult
5,la
5,adv
5,over
5,opening
5,specials
5,future
5,aspects
5,women
5,optimality
5,pc
5,secrets
5,submit
5,survey
5,written
5,vs
5,c
5,discussion
5,japan
5,seminar
5,humanities
5,recent
5,semitic
5,cl
5,state
5,et
5,ary
5,quantitative
5,sense
5,evolution
5,east
5,he
5,programs
5,his
5,her
5,background
5,esslli
5,logic
5,letter
5,formal
5,ucla
5,selling
5,oxford
5,structure
5,nels
5,intern
5,gender
5,metaphor
5,modern
5,read
5,princess
5,kinship
4,complete
4,proceedings
4,name
4,make
4,verbal
4,so
4,mind
4,f
4,very
4,dental
4,phone
4,off
4,acm
4,unlimited
4,hi
4,better
4,species
4,int
4,any
4,other
4,minimalist
4,america
4,they
4,fall
4,adjectives
4,track
4,fast
4,adults
4,search
4,press
4,days
4,iii
4,series
4,video
4,data
4,visit
4,there
4,arabic
4,artificial
4,requested
4,asia
4,linguistique
4,australian
4,project
4,high
4,adjuncts
4,order
4,notice
4,wanted
4,tv
4,parts
4,u
4,extended
4,reports
4,l
4,syntactic
4,mla
4,url
4,celtic
4,sept
4,multimodal
4,sound
4,compounds
4,intensive
4,computers
4,engineering
4,indo
4,scil
4,analogy
4,gls
4,variation
4,paper
4,double
4,negation
4,morphological
4,univ
4,open
4,fonts
4,fyi
4,theoretical
4,sla
4,if
4,schedule
4,going
4,hello
4,old
4,may
4,courses
4,sociology
4,ijsl
4,thanks
4,tense
4,indian
4,evaluation
4,latex
4,lrec
4,meaning
4,subjects
4,interface
4,publications
4,banning
4,russian
4,diana
4,sle
4,tone
4,pig
4,sites
3,amazing
3,anyone
3,rain
3,music
3,fig
3,ellipsis
3,work
3,use
3,could
3,through
3,hardcore
3,affordable
3,rate
3,scandinavian
3,tonight
3,tls
3,between
3,genetic
3,computation
3,day
3,interlinguas
3,ws
3,end
3,maintenance
3,systemic
3,structures
3,social
3,cuba
3,characters
3,spring
3,trial
3,membership
3,semiotic
3,vacation
3,dialog
3,even
3,aaas
3,care
3,h
3,tuttle
3,sales
3,reconstruction
3,verbs
3,stop
3,affixes
3,next
3,legal
3,development
3,anaphora
3,http
3,server
3,appel
3,intelligence
3,samples
3,autumn
3,binding
3,prosody
3,database
3,extension
3,using
3,questions
3,wholesale
3,brazilian
3,british
3,descrambler
3,cable
3,glow
3,texas
3,post
3,lagb
3,session
3,calls
3,rochebrune
3,indigenous
3,education
3,electronic
3,edinburgh
3,changes
3,soas
3,technical
3,workshops
3,dependency
3,report
3,computerm
3,relations
3,markers
3,morphosyntax
3,students
3,computationally
3,mediated
3,lacl
3,k
3,verb
3,mental
3,confs
3,console
3,creating
3,current
3,issues
3,descriptive
3,seeking
3,developments
3,right
3,aspect
3,textbooks
3,distributing
3,accessing
3,like
3,early
3,revised
3,young
3,utrecht
3,efl
3,israel
3,positions
3,errors
3,esl
3,here
3,fifth
3,penn
3,financial
3,culture
3,ed
3,mlm
3,save
3,functions
3,gala
3,genderless
3,iv
3,classification
3,translator
3,philology
3,bill
3,grammaticalization
3,phrase
3,hey
3,germany
3,united
3,teach
3,iatl
3,alert
3,icslp
3,top
3,langues
3,journees
3,vowel
3,online
3,macintosh
3,all
3,logical
3,ld
3,capitalisation
3,lg
3,fiction
3,natural
3,summit
3,major
3,varieties
3,medieval
3,division
3,character
3,titles
3,perspectives
3,ia
3,misc
3,decimal
3,counting
3,subscribers
3,volume
3,syllabus
3,not
3,example
3,raising
3,typological
3,uniformitarianism
3,progressive
3,youthese
3,sapir
3,whorf
3,been
3,relevance
3,asked
3,transcription
3,animal
3,tok
3,third
3,mood
3,table
3,tag
3,embodied
3,conversational
3,wholes
3,understanding
3,wccfl
2,direct
2,est
2,record
2,find
2,kit
2,without
2,politically
2,falling
2,water
2,signs
2,sycophant
2,conjunction
2,keep
2,hard
2,pass
2,service
2,bilingual
2,hellenistic
2,diachronica
2,judgments
2,speedracer
2,hypnosis
2,lost
2,rightward
2,movement
2,teen
2,ot
2,tilburg
2,holiday
2,low
2,cuny
2,sentence
2,manchester
2,august
2,futuresignals
2,rocks
2,boundaries
2,girls
2,libraries
2,storage
2,hispanic
2,contragram
2,cash
2,rom
2,poznan
2,kassel
2,interdisciplinary
2,langs
2,inference
2,returns
2,return
2,investment
2,conceptual
2,affricates
2,large
2,approach
2,code
2,switching
2,multidisciplinary
2,comments
2,north
2,form
2,reply
2,personal
2,message
2,view
2,dos
2,unique
2,advertisement
2,steal
2,identity
2,accents
2,skyrocket
2,theme
2,management
2,sac
2,coordination
2,indexing
2,reflexive
2,addendum
2,object
2,d
2,small
2,register
2,instant
2,publisher
2,release
2,earn
2,works
2,net
2,advertise
2,southern
2,africa
2,afro
2,asiatic
2,aiml
2,secret
2,alt
2,amta
2,embedded
2,choose
2,tropics
2,ancient
2,common
2,lisp
2,gldv
2,inc
2,serious
2,armenian
2,articulatory
2,translators
2,asl
2,asllrp
2,signstream
2,ausschreibung
2,professur
2,national
2,place
2,austronesian
2,insurance
2,avail
2,mon
2,massaro
2,neurolinguistics
2,becoming
2,gift
2,beyond
2,bgs
2,bisfai
2,intonation
2,definitely
2,labelled
2,deduction
2,wh
2,reviewers
2,pidgins
2,creoles
2,uralic
2,articles
2,club
2,literacy
2,bu
2,bulgarian
2,classes
2,month
2,equipment
2,insertion
2,csdl
2,field
2,lgs
2,lsa
2,lit
2,nystesol
2,contributions
2,prehistory
2,me
2,optionality
2,lucky
2,assoc
2,teachers
2,marking
2,ceth
2,collection
2,spatial
2,expressions
2,intelligent
2,integration
2,updated
2,chess
2,chicago
2,forum
2,dialectology
2,romanization
2,vii
2,citing
2,contemporary
2,topics
2,announcements
2,multilingual
2,enseignement
2,illinois
2,comparison
2,again
2,group
2,thematic
2,sessions
2,phd
2,tutorials
2,conversation
2,assisted
2,edition
2,translating
2,focus
2,tai
2,msu
2,queensland
2,section
2,italian
2,teacher
2,consciousness
2,contrastive
2,newsletter
2,reading
2,convergence
2,divergence
2,statistical
2,corrected
2,syllable
2,correspondence
2,guaranteed
2,cognition
2,cultural
2,currency
2,theories
2,date
2,material
2,check
2,optical
2,corrections
2,subcategorization
2,recorders
2,uk
2,she
2,constituency
2,seeing
2,barn
2,red
2,these
2,donnellan
2,citation
2,black
2,eacl
2,researcher
2,tanlps
2,effects
2,informants
2,be
2,isolating
2,parser
2,escol
2,torrego
2,dependencies
2,estuary
2,keynote
2,expletive
2,opacity
2,extra
2,finance
2,fancy
2,flutter
2,constructions
2,fellowship
2,applications
2,graduate
2,freedom
2,israeli
2,font
2,forbidden
2,ads
2,forensic
2,forwarded
2,products
2,enterprise
2,figures
2,months
2,marketing
2,audio
2,pro
2,grants
2,training
2,tools
2,gent
2,automatic
2,manager
2,phonological
2,gurt
2,stress
2,some
2,hil
2,phonetic
2,sciences
2,states
2,investigate
2,hpsg
2,disambiguation
2,il
2,jornadas
2,linguistica
2,important
2,income
2,incredible
2,ultimate
2,inquiry
2,rock
2,interactions
2,accessible
2,specialist
2,invitation
2,edu
2,indonesian
2,lexicography
2,socio
2,lexicographer
2,microsoft
2,st
2,tesol
2,instructor
2,portuguese
2,june
2,fatigue
2,kant
2,west
2,les
2,processes
2,planning
2,across
2,wecol
2,learn
2,ldc
2,britain
2,sweepstakes
2,version
2,literary
2,looking
2,lx
2,parallel
2,classical
2,materials
2,maya
2,mayan
2,metathesis
2,mongolian
2,move
2,following
2,ocr
2,recognition
2,multilinguality
2,etymological
2,sources
2,dates
2,van
2,network
2,syntaxis
2,mailing
2,title
2,savings
2,trends
2,uci
2,dissertation
2,dissertations
2,ippe
2,nov
2,nineteenth
2,roundtable
2,footnote
2,accent
2,nonreferential
2,number
2,obituary
2,obligatory
2,clitic
2,doubling
2,humour
2,but
2,pay
2,perceiving
2,performing
2,philippine
2,phonemicity
2,identification
2,eng
2,stock
2,jakobson
2,prepositions
2,modality
2,prolamat
2,proposal
2,frequencies
2,grasshopper
2,single
2,mutation
2,narrative
2,sentences
2,initial
2,ranlp
2,distribution
2,remarks
2,typewriter
2,guinea
2,gemination
2,syldavian
2,mel
2,letting
2,analytic
2,vowels
2,real
2,elvis
2,ems
2,never
2,tell
2,urgent
2,buy
2,id
2,referencing
2,numbers
2,cont
2,media
2,studentship
2,resource
2,risk
2,agents
2,seduce
2,instantly
2,semcom
2,singapore
2,promotion
2,spontaneous
2,finite
2,dialogue
2,sposs
2,market
2,strike
2,success
2,models
2,age
2,urdu
2,summ
2,whatever
2,happened
2,responses
2,masta
2,biannual
2,selection
2,synthetic
2,contents
2,yiddish
2,trip
2,korea
2,tenure
2,thank
2,side
2,tree
2,gopher
2,allgemeine
2,conferences
2,join
2,yuen
2,ren
2,zellig
2,harris
1,stumbling
1,blocks
1,proverbio
1,lexemes
1,yup
1,ik
1,ernie
1,anything
1,dag
1,definites
1,designing
1,plus
1,explodes
1,ician
1,slant
1,filtering
1,correct
1,vienna
1,hold
1,compulsion
1,sycopahnt
1,yours
1,maker
1,cantonese
1,associate
1,both
1,americana
1,enterprizes
1,share
1,purchase
1,uncollected
1,compounding
1,pounds
1,weeks
1,b
1,workers
1,florida
1,card
1,giveaway
1,week
1,access
1,icehl
1,ichl
1,paclic
1,clean
1,nic
1,exploring
1,evolutionary
1,zealand
1,wisconsin
1,milwaukee
1,ijhcs
1,kruse
1,flexible
1,hypertext
1,lingusitic
1,respond
1,mispased
1,circular
1,linguistisches
1,kolloquium
1,emnlp
1,internationale
1,arbeitstagung
1,computereinsatz
1,der
1,icgl
1,nottingham
1,wollic
1,mainz
1,technologies
1,nlg
1,bit
1,seals
1,kuala
1,lumpur
1,nunn
1,bella
1,coola
1,consulting
1,assignment
1,intrasentential
1,jeff
1,beginning
1,periodical
1,weight
1,patch
1,print
1,fax
1,minute
1,ssc
1,musement
1,predicates
1,tsd
1,tri
1,p
1,arround
1,wor
1,aaai
1,symoposium
1,formalizing
1,aaal
1,sumary
1,linguistnet
1,classroom
1,accept
1,cards
1,watch
1,acceptability
1,accuracy
1,translingual
1,increase
1,pain
1,adcs
1,coston
1,changement
1,adresse
1,john
1,thayer
1,jensen
1,viva
1,revolution
1,onlyhottest
1,everall
1,lines
1,unsencored
1,owner
1,download
1,engines
1,instanly
1,paid
1,surf
1,pristine
1,remote
1,wilderness
1,acreage
1,advertsing
1,its
1,smtp
1,afar
1,affirmative
1,o
1,segment
1,sheffield
1,con
1,tut
1,health
1,benefits
1,green
1,tea
1,revealed
1,amlap
1,amsterdam
1,rap
1,adlu
1,microcap
1,bestock
1,vocal
1,tract
1,simulation
1,angels
1,sent
1,serve
1,mankind
1,anglicization
1,composers
1,anglo
1,announce
1,beta
1,follows
1,universite
1,geneve
1,announcing
1,rifra
1,announcment
1,flege
1,antipassive
1,sumerologists
1,ape
1,apocryphal
1,structuralist
1,assertions
1,vip
1,legend
1,micro
1,socitey
1,most
1,arizona
1,sinthesizer
1,pacific
1,editors
1,atelier
1,des
1,doctorants
1,adl
1,athapaskan
1,attract
1,attraction
1,aum
1,shinri
1,kyo
1,universitaet
1,heidelberg
1,fellow
1,auto
1,rates
1,too
1,autoantonyms
1,adverbs
1,events
1,dong
1,kpelle
1,awali
1,axiomatic
1,baal
1,prize
1,bad
1,baltics
1,bangani
1,base
1,generated
1,journals
1,beat
1,irs
1,become
1,certified
1,technicia
1,elimination
1,demo
1,kept
1,finally
1,exposedwhat
1,stores
1,well
1,made
1,biographies
1,bloomfield
1,bls
1,introduction
1,ferdinand
1,saussure
1,curs
1,lingvistica
1,generala
1,prolog
1,thomas
1,barthel
1,classics
1,reissued
1,sed
1,awk
1,cheng
1,oceanic
1,interpreting
1,braille
1,ebicc
1,dev
1,build
1,calbe
1,mailin
1,bulletproof
1,hosting
1,per
1,burmese
1,loans
1,leasing
1,james
1,huang
1,decsrambler
1,asie
1,orientale
1,cal
1,lowlands
1,neural
1,symbolic
1,winter
1,listserve
1,programming
1,jengl
1,rocling
1,publier
1,mexico
1,panel
1,telephone
1,communist
1,weisgerber
1,wail
1,immersion
1,carnie
1,linguistlist
1,org
1,cartoons
1,genitive
1,locatives
1,connectives
1,presuppositions
1,luuk
1,ccall
1,celao
1,celiac
1,oaxaca
1,central
1,advances
1,eamt
1,april
1,foundation
1,langages
1,icsnl
1,during
1,ecai
1,spoken
1,generation
1,cgsw
1,chamito
1,chechen
1,worth
1,look
1,endgame
1,chiphon
1,acquistion
1,oriental
1,luo
1,changpei
1,rhymes
1,gwoyeu
1,romatzyh
1,article
1,mandeville
1,paradox
1,cilca
1,cimca
1,claw
1,clite
1,closing
1,closings
1,academic
1,depts
1,layoffs
1,san
1,diego
1,closure
1,famous
1,department
1,cmc
1,rhodes
1,ircs
1,creolistics
1,cfps
1,worshop
1,multi
1,lingual
1,collective
1,agent
1,rapide
1,colloque
1,plurilinguisme
1,henry
1,sweet
1,come
1,sunshine
1,comp
1,shared
1,geoff
1,pullum
1,comparatives
1,pdp
1,computaional
1,altavista
1,refine
1,comutational
1,nancy
1,france
1,alasa
1,inaugural
1,mitxelena
1,ihardunaldiak
1,clin
1,melbourne
1,postgraduate
1,salsa
1,film
1,maritime
1,aisb
1,talc
1,feb
1,leuven
1,listing
1,catalan
1,advanced
1,turkic
1,symp
1,math
1,conferrence
1,confidential
1,conformation
1,ind
1,arian
1,iranian
1,conquer
1,thinning
1,hair
1,dandruff
1,problems
1,forever
1,debts
1,constraints
1,preferences
1,plm
1,solicited
1,creditline
1,deposit
1,div
1,corpuys
1,friends
1,coswl
1,create
1,file
1,legally
1,realities
1,wealth
1,cssi
1,identities
1,constraint
1,cute
1,karen
1,gives
1,shocking
1,thereon
1,formats
1,dated
1,dave
1,dear
1,website
1,operator
1,december
1,defend
1,yourself
1,against
1,criminals
1,demonstration
1,deictic
1,belief
1,plan
1,reactions
1,deseret
1,desparately
1,summerschool
1,september
1,saarbruecken
1,diachronic
1,synchronic
1,xv
1,diachrony
1,dialectal
1,dialogues
1,bakhtin
1,dictionaries
1,frames
1,calsvxtn
1,yet
1,analog
1,tape
1,dirt
1,cheap
1,drives
1,schools
1,parameter
1,discontinuous
1,discover
1,dislocations
1,distance
1,orbit
1,cyberspace
1,miss
1,economical
1,hunting
1,enjoy
1,having
1,saltwater
1,aquariums
1,document
1,design
1,domani
1,tina
1,alster
1,cosmetic
1,laser
1,surgery
1,skinlaser
1,cimql
1,every
1,rings
1,ecml
1,ecology
1,edt
1,electric
1,motors
1,elsnet
1,w
1,dressler
1,goldmine
1,empathetic
1,deixis
1,encyclopedia
1,waseda
1,tagger
1,epenthesis
1,ernest
1,scatton
1,scottish
1,ice
1,curriculum
1,children
1,cut
1,insights
1,esrc
1,quota
1,awards
1,masters
1,probabilistic
1,randomised
1,que
1,lectures
1,euralex
1,eureka
1,eurogp
1,evolvable
1,hardware
1,gp
1,ez
1,tip
1,atip
1,farsi
1,persian
1,light
1,fasl
1,delivery
1,feminine
1,feminist
1,romanic
1,annotation
1,voiceless
1,velar
1,fricative
1,finalists
1,announced
1,while
1,sleeping
1,finding
1,advice
1,five
1,lots
1,answers
1,my
1,vietnamese
1,commercials
1,subscription
1,temporary
1,fourth
1,mcwop
1,deliverables
1,clipper
1,franz
1,boas
1,author
1,robert
1,copy
1,government
1,marketplace
1,mths
1,catalog
1,password
1,services
1,shopping
1,sexxx
1,promotional
1,quote
1,term
1,stealth
1,fix
1,neologisms
1,grad
1,fresh
1,fieldwork
1,freshest
1,newbie
1,fanny
1,recommending
1,fsmnlp
1,fulbright
1,disseminate
1,paul
1,umich
1,cascadilla
1,ramstedt
1,mulder
1,indirecte
1,en
1,directe
1,gb
1,gene
1,flow
1,europeans
1,genie
1,george
1,aditjondro
1,nova
1,scotia
1,noun
1,taxonomy
1,modals
1,stuffing
1,envelopes
1,ukjx
1,rid
1,bills
1,under
1,control
1,monthly
1,agreement
1,gmt
1,speed
1,racer
1,goettingen
1,good
1,luck
1,derived
1,notions
1,granada
1,casino
1,grepping
1,guess
1,oqth
1,long
1,hansa
1,harold
1,orton
1,centenary
1,haskins
1,laboratories
1,wide
1,dream
1,head
1,driven
1,intro
1,send
1,interested
1,desert
1,hilp
1,luso
1,literatures
1,praxis
1,ideas
1,hokan
1,penutian
1,holding
1,managing
1,hand
1,mth
1,homophones
1,hong
1,kong
1,honored
1,hotel
1,does
1,slash
1,xxxnet
1,cx
1,computing
1,humor
1,huron
1,hwaet
1,hypermedia
1,den
1,geisteswissenschaften
1,vedder
1,dunque
1,italia
1,ha
1,perso
1,suo
1,fascino
1,stand
1,iada
1,ial
1,perspective
1,ials
1,iawe
1,iceis
1,seoul
1,icl
1,icla
1,icoll
1,due
1,idea
1,idioms
1,ie
1,iee
1,colloq
1,london
1,sharkey
1,mc
1,wealthy
1,igg
1,aborigen
1,ila
1,improvements
1,wound
1,tax
1,filing
1,refunds
1,indoeuropean
1,listed
1,universities
1,office
1,wilhelm
1,von
1,timroth
1,features
1,same
1,inofficial
1,slang
1,directory
1,scholars
1,disintegration
1,industrial
1,automation
1,iia
1,virtual
1,worlds
1,intercultural
1,interim
1,anthropoid
1,ability
1,storytelling
1,ta
1,earnings
1,investments
1,user
1,spy
1,internships
1,dialectologists
1,inversion
1,browser
1,unix
1,tex
1,americanist
1,symbols
1,isfc
1,item
1,congreso
1,argentino
1,hispanistas
1,firth
1,situation
1,sec
1,acq
1,chonju
1,jireem
1,utxvms
1,cc
1,utexas
1,kr
1,nl
1,austin
1,utah
1,keio
1,delaware
1,informatique
1,montreal
1,assistant
1,seelangs
1,advert
1,rf
1,advertisment
1,lexicographers
1,academia
1,sinica
1,taiwan
1,sociolinguist
1,ohio
1,max
1,planck
1,india
1,offering
1,openings
1,celex
1,center
1,louis
1,revue
1,january
1,textlinguistics
1,judging
1,eisteddfodau
1,stromswold
1,ross
1,tang
1,boyland
1,boolean
1,junk
1,christmas
1,polgardi
1,kansas
1,kay
1,csl
1,keeps
1,kentucky
1,kitahara
1,ickl
1,kornfilt
1,turkish
1,koyra
1,chiini
1,songhay
1,elizabeth
1,grace
1,kroch
1,constant
1,hypothesis
1,needs
1,today
1,empathy
1,thematisation
1,dans
1,lab
1,labov
1,grammaire
1,modified
1,interaction
1,breakdown
1,legislation
1,power
1,metaphors
1,aaa
1,southwest
1,migrants
1,pedagogy
1,millenium
1,requirements
1,languaging
1,lasso
1,chance
1,lat
1,amer
1,latvian
1,quebec
1,city
1,styles
1,strategies
1,childhood
1,lectureship
1,leeds
1,temps
1,du
1,passe
1,francais
1,leur
1,semantic
1,tagging
1,limited
1,reservation
1,nameserver
1,consortium
1,datasources
1,action
1,mdia
1,impact
1,eastern
1,link
1,taboo
1,sale
1,mega
1,worldwide
1,hans
1,heinrich
1,waengler
1,horn
1,love
1,profile
1,ysuolvpv
1,lp
1,event
1,resourcs
